ingredient_id,recipe_id
33,827
33,730
33,515
33,313
33,605
33,568
33,368
33,102
33,699
33,82
33,667
33,298
33,782
33,641
33,755
33,260
33,922
33,366
33,631
33,858
33,349
33,425
33,253
33,513
33,433
33,24
33,873
33,537
33,70
33,145
33,898
33,735
36,411
523,789
523,373
37,295
27,655
40,406
40,883
40,443
40,686
40,762
40,899
40,190
40,687
40,892
40,651
40,401
529,679
529,209
529,548
44,193
44,222
44,801
44,894
44,486
44,55
44,468
62,308
62,465
45,470
47,527
47,379
47,457
533,839
533,621
533,351
533,878
533,838
533,574
533,567
533,745
533,571
533,229
533,635
533,689
533,777
533,265
533,328
533,457
533,617
533,249
533,345
533,752
533,154
533,853
533,352
533,652
533,902
533,147
533,306
533,656
533,211
533,376
533,1
533,722
533,23
533,724
533,187
49,753
49,622
49,292
49,542
49,413
49,272
49,582
49,490
49,536
49,133
49,929
49,431
49,869
49,896
49,25
49,76
49,341
49,124
49,649
49,653
49,138
49,478
49,268
49,217
49,405
49,554
49,868
49,269
49,224
49,291
49,218
49,541
49,547
49,769
49,910
49,451
49,350
49,210
49,47
49,762
49,426
49,756
49,594
49,506
49,317
49,98
49,624
49,880
49,545
49,581
41,771
41,181
41,221
74,468
74,266
74,484
74,13
74,376
74,878
75,119
75,464
9,250
9,54
9,204
9,65
55,353
76,176
76,456
538,582
57,409
57,786
57,619
59,636
59,904
59,864
59,816
59,426
59,580
60,508
60,787
60,195
60,28
60,164
60,825
60,535
60,396
60,695
60,399
60,460
60,578
60,55
60,449
60,430
60,231
60,20
60,855
60,830
65,702
65,346
65,78
65,117
65,191
65,343
65,107
65,174
65,133
66,568
66,770
66,307
66,851
66,210
83,459
83,744
48,157
48,127
48,314
48,480
48,220
48,695
48,41
48,513
48,54
48,204
48,759
48,643
48,757
48,930
67,20
67,192
67,912
67,801
86,280
86,813
86,326
86,662
86,778
86,89
86,850
86,202
86,4
3,306
3,128
3,787
3,687
3,717
3,168
3,143
3,692
3,538
3,410
3,476
3,806
3,79
3,401
3,555
3,894
53,820
53,904
91,254
91,537
61,190
61,774
24,73
80,517
80,225
84,549
84,500
31,33
31,420
31,316
31,899
31,178
31,27
31,470
31,607
50,362
50,829
50,185
50,637
50,143
50,882
50,17
50,618
50,112
50,26
50,544
70,283
70,299
73,277
18,606
18,639
18,546
18,420
18,61
18,632
18,231
18,132
18,466
90,867
90,439
90,74
90,211
90,207
90,226
90,82
90,548
90,725
90,24
90,340
90,573
90,373
90,130
90,874
90,509
21,189
21,531
21,60
21,738
21,716
21,36
21,747
21,174
21,343
21,25
21,354
21,519
21,429
21,236
21,90
21,798
21,752
21,869
21,91
21,243
21,614
21,732
94,65
94,646
94,558
94,148
94,673
94,64
94,371
26,694
26,818
26,874
26,657
26,148
26,595
26,752
26,754
26,805
26,290
26,416
26,366
26,533
26,202
26,36
26,275
26,815
26,197
26,889
26,119
26,697
26,617
26,908
26,42
26,90
26,510
26,155
26,170
26,105
26,676
26,186
26,699
26,658
26,570
26,433
26,888
26,371
26,321
26,772
26,102
26,789
26,750
26,153
26,306
26,469
26,126
26,398
26,842
26,263
26,298
26,858
26,529
26,574
26,199
26,397
26,735
26,149
26,349
26,293
26,394
26,8
109,563
109,890
32,241
88,704
88,286
88,620
88,740
88,528
88,387
88,235
88,742
88,815
88,305
88,430
113,655
101,45
101,891
101,16
101,86
101,364
101,209
101,878
101,687
101,879
101,482
101,449
101,368
101,447
101,667
101,655
101,229
101,591
101,607
101,304
101,900
101,721
101,191
101,651
101,359
101,650
101,684
101,708
101,274
101,395
101,68
101,37
101,511
101,337
101,488
101,306
101,785
101,44
101,710
101,270
101,376
101,248
101,444
101,78
101,729
101,581
46,787
46,611
46,45
46,337
46,138
46,818
46,733
46,927
46,350
46,478
46,784
46,73
46,471
46,444
46,516
46,485
46,406
46,483
46,899
46,488
46,585
46,607
46,292
46,413
46,423
46,767
46,721
46,696
46,708
46,824
46,596
46,658
46,101
46,762
46,256
46,230
46,330
46,432
46,509
46,331
46,59
46,437
46,892
46,260
46,184
46,7
46,248
46,577
46,868
46,581
46,668
46,910
46,522
46,258
46,879
46,364
46,287
46,606
46,806
46,751
46,210
46,717
46,580
46,644
46,224
46,57
46,687
46,901
46,145
46,394
46,214
46,584
46,63
42,706
42,452
42,171
42,494
42,139
42,190
42,63
42,812
42,447
42,460
42,777
42,824
42,759
42,239
42,408
42,894
107,448
107,394
107,393
107,2
107,750
107,904
107,785
107,96
107,398
111,215
111,621
111,633
111,768
111,16
111,94
111,434
111,891
111,85
111,247
111,664
111,290
111,677
111,313
111,115
111,598
112,508
112,731
112,714
112,900
112,324
112,570
112,901
112,620
112,492
112,675
112,88
112,671
112,422
112,611
112,141
115,554
116,391
120,424
71,843
71,153
124,266
127,593
127,348
127,261
127,721
127,899
127,80
127,256
127,707
127,793
127,103
127,59
127,400
127,564
127,776
127,212
127,921
127,225
127,93
127,111
127,272
127,927
127,402
127,581
127,544
127,367
127,892
127,45
127,784
127,844
127,806
127,79
127,100
117,173
117,286
117,638
117,832
117,87
117,903
117,320
117,742
117,95
117,848
68,881
69,777
141,865
141,630
141,837
141,795
141,918
141,493
141,592
130,316
130,772
130,439
130,450
130,291
132,556
77,409
77,838
77,429
77,656
77,242
77,26
77,214
77,461
77,266
77,745
77,813
77,722
134,486
134,674
134,220
134,669
134,396
134,919
134,41
134,142
134,741
134,500
134,188
134,53
134,695
134,100
134,834
134,757
149,766
149,887
149,648
149,626
153,506
81,521
81,719
150,907
150,266
150,25
150,457
150,149
150,920
150,571
150,502
150,151
150,390
150,339
137,466
137,606
137,629
137,213
137,815
137,810
137,905
140,365
140,26
140,409
140,856
140,786
140,619
144,476
144,249
144,647
144,168
144,803
144,638
144,173
144,578
144,623
144,114
144,555
144,361
144,830
160,691
160,427
135,293
145,522
145,771
145,727
145,520
145,733
145,851
145,815
145,401
148,518
95,538
151,383
151,243
151,448
151,319
99,331
99,262
99,201
99,147
99,240
358,914
358,680
139,416
139,920
139,872
156,379
156,420
156,737
119,161
172,561
172,619
172,671
172,363
172,632
172,529
172,26
105,794
105,653
105,652
105,507
105,107
105,176
105,816
105,430
110,615
110,799
110,715
110,847
110,610
110,353
110,765
110,874
178,544
114,445
167,367
169,656
169,314
169,211
169,167
169,657
169,197
169,351
169,617
169,267
169,531
169,509
169,1
171,286
171,14
171,903
171,389
171,118
171,475
171,796
171,726
173,413
173,277
163,26
174,417
174,41
174,208
174,307
174,285
174,257
174,116
174,205
174,757
174,738
174,6
174,444
174,140
174,794
174,275
174,723
174,625
174,730
174,357
174,889
174,585
174,617
174,491
174,117
174,146
174,233
174,917
174,658
174,65
174,762
174,897
174,807
174,451
174,713
174,498
174,78
174,772
174,411
174,626
174,740
174,499
174,497
174,250
174,269
174,645
174,572
174,900
174,326
174,561
174,98
174,370
174,581
174,66
174,281
174,634
174,129
174,419
174,263
174,405
174,277
174,191
174,879
174,764
174,684
174,592
174,582
174,272
174,707
174,529
174,660
174,382
174,768
174,620
174,539
174,731
174,111
174,348
174,584
174,862
176,425
175,637
175,624
179,549
129,213
129,204
129,733
129,447
129,507
129,196
129,50
187,314
187,583
187,787
187,236
187,482
187,180
187,853
187,334
187,729
187,888
187,434
187,190
187,255
187,700
187,709
187,877
187,570
187,697
187,491
187,125
187,712
187,532
187,492
187,650
187,926
187,915
187,425
187,2
187,468
187,802
187,586
187,592
187,859
187,30
187,436
187,902
187,543
187,857
187,506
187,553
187,12
187,609
187,274
187,749
187,368
187,35
187,511
187,60
187,901
187,66
187,781
187,477
187,299
187,758
187,72
187,720
187,120
187,49
187,865
187,463
187,809
187,241
187,135
187,891
187,828
187,395
187,621
187,752
187,685
187,209
187,302
187,448
187,679
187,524
187,689
187,104
187,196
187,161
187,94
187,59
187,458
187,428
187,393
187,743
187,321
187,23
187,267
187,34
187,408
187,913
187,566
187,734
187,773
187,878
187,875
187,296
187,786
187,244
187,770
187,561
187,198
187,895
187,187
187,182
187,247
187,421
187,440
187,518
187,388
187,290
187,394
187,32
187,437
187,384
187,351
187,1
187,221
187,132
187,627
187,363
187,552
187,156
187,327
187,339
187,833
187,378
187,67
187,839
187,847
187,606
187,694
187,912
187,443
187,567
187,380
187,777
189,748
193,780
193,726
193,715
194,804
198,893
198,681
198,608
198,660
198,780
198,158
198,771
198,247
198,562
198,92
198,39
198,303
198,73
198,277
198,516
198,165
198,907
198,865
198,397
198,792
198,170
198,926
198,501
198,610
198,580
198,849
198,566
198,212
198,676
198,572
198,692
198,323
198,543
198,358
198,98
198,380
198,412
198,800
198,694
147,424
147,881
216,424
216,786
216,619
208,28
208,481
208,450
155,926
223,536
223,737
223,409
223,517
223,342
223,595
223,897
223,845
223,193
223,736
223,671
223,911
223,691
223,594
223,322
223,115
223,591
223,598
210,453
210,600
210,201
210,258
210,675
210,233
210,450
210,216
211,797
211,793
226,379
215,17
215,25
215,784
215,403
215,776
215,744
215,459
215,564
215,799
215,716
215,284
215,99
215,918
215,4
215,374
215,412
215,659
215,540
215,596
220,897
219,694
219,749
219,502
219,845
219,915
219,543
219,385
219,197
219,805
219,106
219,532
219,606
219,710
219,267
219,250
219,626
219,598
219,595
219,467
222,297
222,646
222,865
222,833
222,72
222,851
222,316
222,276
222,489
222,108
222,720
222,277
222,679
222,514
222,131
222,408
224,823
224,922
225,759
235,856
235,835
235,763
237,592
237,429
237,605
237,214
218,193
218,337
218,79
218,215
218,616
218,115
218,468
229,503
232,137
232,791
232,737
232,576
232,110
232,189
232,854
232,666
232,89
232,158
232,599
232,820
232,256
233,516
233,605
233,427
180,664
180,433
180,3
180,274
180,27
180,500
254,216
255,409
228,473
186,750
186,36
186,808
186,924
186,421
186,156
186,366
186,149
186,120
186,874
186,571
186,847
186,151
186,467
186,895
186,649
186,907
186,433
186,672
186,570
186,175
186,397
186,857
186,592
186,235
186,105
186,313
186,332
186,154
186,876
186,128
186,324
186,104
186,418
186,339
186,703
186,140
186,78
246,801
246,301
246,389
246,760
246,914
246,164
246,195
246,670
205,228
205,807
201,101
201,195
201,150
259,295
275,299
275,397
275,750
275,788
275,800
266,842
266,39
266,576
266,458
266,439
266,840
266,628
266,756
268,748
268,782
268,687
213,283
284,487
284,243
284,3
284,395
284,795
284,837
284,56
284,216
284,139
217,227
217,404
217,50
217,643
217,239
296,809
296,232
282,174
282,108
282,748
282,453
282,348
282,707
282,927
282,633
282,550
282,357
282,441
282,713
282,203
282,146
282,163
282,271
282,900
282,653
282,776
282,300
282,432
282,419
282,625
282,307
282,675
282,6
282,642
282,819
282,565
282,201
282,714
282,600
282,88
282,103
282,110
282,153
282,451
282,634
282,346
282,572
282,756
282,417
282,863
282,731
282,129
282,205
282,913
282,498
282,140
282,530
282,581
230,414
230,810
230,597
230,480
230,919
230,183
230,567
230,46
244,240
307,379
307,457
307,828
309,870
309,746
291,786
291,409
287,37
287,889
287,651
287,897
287,845
287,502
287,666
287,549
287,503
287,248
287,345
287,62
287,678
287,359
287,619
287,930
287,163
287,597
287,295
287,510
287,8
287,44
287,56
287,385
287,241
287,233
287,596
287,121
287,593
287,422
287,211
287,713
287,618
287,137
287,471
287,690
287,129
287,805
287,317
287,16
287,898
287,383
287,616
287,816
287,696
287,487
287,574
287,771
287,545
287,242
287,483
287,705
287,798
287,862
287,216
287,346
287,325
287,710
287,257
287,369
287,622
287,869
287,785
287,673
287,536
287,270
287,929
287,36
287,790
287,354
287,40
287,144
287,560
287,115
287,370
287,189
287,777
287,86
287,210
287,329
287,684
287,208
287,646
287,344
287,565
287,229
236,733
236,444
253,266
253,687
253,388
253,828
294,174
294,611
294,152
294,485
294,719
240,58
240,274
240,452
240,550
240,279
240,185
240,808
240,726
240,396
240,399
240,11
240,797
240,75
240,363
240,166
240,232
295,95
295,821
297,432
297,811
297,692
299,288
299,38
299,683
299,303
299,569
299,563
241,435
241,95
241,22
241,143
243,109
302,850
300,685
300,525
300,918
300,554
300,540
300,681
300,931
300,30
300,823
300,713
300,101
300,326
300,885
300,393
300,386
300,291
300,565
300,493
300,31
300,19
300,337
300,844
300,441
245,380
245,67
245,781
245,368
245,378
245,865
245,847
245,384
245,510
245,592
245,907
245,920
245,566
318,703
318,297
318,635
318,514
306,739
251,75
293,899
310,444
310,598
310,316
310,482
310,802
310,16
310,8
265,342
265,157
312,427
314,848
332,760
332,301
332,930
332,639
332,21
332,635
332,279
332,724
332,588
332,704
332,467
332,803
332,449
332,414
332,472
332,527
332,883
332,496
332,822
332,539
261,161
261,781
261,587
261,783
261,199
261,621
261,179
261,75
261,378
261,837
261,778
261,416
261,200
261,121
261,916
261,15
261,35
261,349
261,345
261,858
261,302
261,175
261,739
261,550
261,338
261,204
261,295
261,752
261,235
322,619
343,694
343,53
343,438
343,46
343,664
343,738
343,872
343,754
343,506
343,85
343,290
343,920
343,734
343,586
343,275
343,36
343,650
343,729
343,908
343,790
343,712
343,627
343,669
343,512
343,90
343,28
343,155
343,658
343,635
343,699
343,429
343,266
343,329
343,328
343,371
343,755
343,368
343,772
343,604
343,795
343,64
343,854
343,722
343,29
343,263
343,890
343,298
343,543
343,592
343,304
343,221
343,289
343,660
343,539
343,457
343,865
343,8
333,932
335,649
340,522
340,915
340,867
340,103
340,888
340,573
340,730
340,685
340,548
340,202
341,519
341,295
341,677
283,230
283,640
283,219
334,726
355,51
344,360
344,816
348,802
348,323
360,812
360,487
360,687
360,883
292,404
351,400
351,520
351,852
351,91
351,219
347,108
347,611
347,445
347,694
347,447
347,257
347,808
347,872
347,67
347,159
347,459
347,144
347,6
347,661
347,311
347,794
347,485
347,372
347,406
347,182
347,689
347,322
347,274
347,271
347,270
347,278
347,605
347,362
347,488
347,585
347,729
347,767
347,123
347,857
347,912
347,474
347,343
347,773
347,230
347,807
347,503
347,888
347,552
347,785
347,78
347,772
347,437
347,300
347,128
347,403
347,246
347,440
347,677
347,741
347,640
347,49
347,854
347,355
347,704
347,30
347,522
347,797
347,215
347,422
347,543
347,163
347,582
347,50
347,642
347,906
347,560
347,415
347,644
347,705
347,425
347,678
347,122
347,145
347,236
347,893
347,656
347,394
347,651
347,524
347,388
364,836
364,346
364,167
364,315
364,267
364,425
364,640
364,682
364,879
357,172
359,551
359,865
359,155
359,180
359,186
359,216
359,709
359,800
359,364
359,373
359,276
359,705
359,369
359,252
359,556
359,658
359,758
359,131
371,592
371,266
362,2
361,612
361,334
361,590
361,177
361,181
361,479
361,242
361,455
361,851
361,712
361,442
313,198
313,792
315,328
315,909
315,911
315,571
315,737
315,86
315,907
378,807
378,457
378,684
378,878
378,27
378,697
378,180
378,847
378,567
378,154
378,552
378,635
378,116
378,257
378,484
378,85
378,856
378,160
378,741
378,376
378,49
378,777
378,127
378,196
378,468
378,321
378,236
378,408
378,652
378,703
378,677
378,145
354,307
354,417
354,208
354,445
354,305
354,347
354,786
354,471
354,446
354,311
354,559
354,48
354,189
354,140
354,441
354,357
354,688
354,88
354,243
354,504
354,137
354,898
354,671
354,871
354,106
354,897
354,451
354,713
354,855
354,437
354,403
354,249
354,396
354,727
354,244
354,23
354,645
354,572
354,561
354,49
354,565
354,632
354,601
354,238
354,419
354,317
354,272
354,879
354,838
354,737
354,582
354,325
354,806
354,21
354,77
354,707
354,175
354,363
354,236
354,387
354,97
354,829
354,348
354,18
354,17
354,862
320,560
320,622
320,255
320,828
321,11
321,638
365,932
365,212
365,323
365,354
365,360
365,241
365,76
365,4
365,692
323,166
323,429
323,214
323,22
323,315
367,901
382,505
382,680
382,294
382,821
382,134
382,417
382,825
382,718
382,674
382,670
382,498
382,792
382,309
382,531
382,356
382,37
382,140
382,239
382,146
368,224
368,210
368,47
368,77
368,104
368,48
368,651
368,401
324,598
324,256
324,109
369,252
369,643
369,733
369,322
369,348
369,707
369,59
369,616
369,146
369,780
369,357
369,336
369,157
369,596
369,601
369,584
369,776
369,256
369,293
369,419
369,926
369,445
369,88
369,788
369,401
369,91
369,451
369,572
369,824
369,79
369,417
369,498
369,28
369,644
369,369
369,140
369,784
363,686
363,97
363,320
390,654
390,882
390,589
390,129
374,870
330,750
375,596
375,773
375,94
375,440
375,130
375,248
375,44
375,877
375,790
375,720
375,689
375,497
375,65
375,184
375,182
375,56
375,364
375,592
375,443
375,888
366,264
337,78
337,530
337,435
337,825
337,751
337,749
337,178
337,528
337,727
337,662
337,83
337,860
337,832
337,76
337,747
337,807
337,58
337,327
337,735
337,402
337,294
337,271
337,300
337,614
337,175
337,881
337,112
337,6
337,399
337,642
337,533
337,291
337,356
337,886
337,153
337,456
337,128
337,284
337,243
337,481
337,594
337,498
337,731
337,648
337,246
337,320
337,312
337,581
373,663
397,931
397,222
397,300
397,15
397,441
388,619
383,616
393,690
401,824
356,283
413,841
413,99
413,375
413,896
413,12
413,316
413,51
413,164
413,402
413,628
413,909
413,549
413,593
413,143
413,445
413,239
413,310
413,171
413,346
413,415
413,101
413,900
413,519
413,510
413,35
413,283
413,25
413,33
413,273
413,652
413,417
413,860
413,763
413,673
413,814
413,851
413,784
413,168
413,619
413,140
413,532
413,766
413,674
413,268
413,414
413,69
413,801
413,348
413,520
413,141
413,603
413,572
413,409
413,666
413,330
413,708
413,707
413,254
413,285
413,448
413,569
413,640
413,10
413,19
413,494
413,182
413,269
413,111
413,17
413,419
413,564
413,620
413,487
413,356
413,282
413,38
413,705
413,535
413,529
413,589
413,499
413,365
413,176
413,819
413,743
413,523
413,382
413,753
413,861
413,698
413,455
413,399
413,478
413,137
413,929
413,690
413,880
413,921
413,625
413,706
413,246
413,486
413,342
413,465
413,80
413,575
413,883
413,181
413,41
413,422
413,682
413,547
413,479
413,498
413,546
413,261
413,800
413,117
413,779
413,764
413,928
413,43
413,123
413,52
413,163
413,835
413,392
413,327
413,408
413,732
413,680
413,514
413,88
413,602
413,579
413,844
413,134
413,160
413,355
413,581
413,217
413,13
413,196
413,761
413,177
413,146
413,276
413,225
413,301
413,423
413,147
413,601
413,746
413,462
413,28
413,319
413,831
413,389
413,736
413,670
413,634
413,370
413,927
413,213
413,700
413,78
413,788
413,516
413,644
413,357
413,613
413,702
413,866
413,460
413,803
413,296
413,425
413,223
413,350
413,794
413,396
413,185
413,545
413,496
413,256
413,264
413,541
413,910
413,343
413,873
413,162
413,124
413,905
413,279
413,451
413,480
413,341
413,333
413,798
407,754
407,867
376,65
376,799
376,588
376,30
376,482
376,733
376,562
376,499
415,885
415,164
415,389
415,139
415,475
415,688
415,20
415,683
415,639
415,803
415,84
415,903
415,273
415,623
415,61
415,866
415,136
415,557
415,472
415,286
415,462
415,46
415,404
415,19
415,231
415,391
415,118
415,822
415,588
415,496
415,414
415,578
415,407
415,841
415,830
415,558
415,812
415,460
415,815
415,14
415,93
415,312
415,846
415,464
440,736
425,831
425,9
425,469
425,162
425,369
425,81
425,122
425,485
425,728
425,551
425,916
425,523
425,880
425,138
425,923
425,861
425,655
425,753
425,249
425,337
425,181
417,318
417,95
417,559
417,168
417,661
417,357
417,219
417,638
417,553
417,173
417,924
417,534
417,172
417,555
417,698
434,362
434,593
434,625
434,28
434,899
434,6
434,381
434,47
434,711
434,268
434,860
434,169
434,921
434,343
434,624
434,431
434,561
434,530
434,775
434,205
434,504
434,579
434,843
434,5
434,719
434,737
434,194
419,355
419,647
419,890
419,657
419,575
419,335
419,854
419,919
419,301
419,507
419,53
419,361
419,834
414,553
414,878
414,735
414,845
414,586
414,755
414,302
414,908
414,62
414,23
414,132
414,609
414,599
414,436
414,217
414,163
414,265
414,642
414,479
414,458
414,418
414,253
414,32
414,142
414,510
414,278
414,385
414,675
414,233
414,693
414,121
414,593
414,421
414,179
414,743
414,201
414,108
414,1
414,805
414,317
414,574
414,333
414,105
414,627
414,734
414,545
414,626
414,374
414,700
414,636
414,679
414,325
414,920
414,542
414,840
414,171
414,710
414,831
414,505
414,42
414,48
414,592
414,378
414,244
414,57
414,270
414,595
414,255
414,285
414,915
414,567
414,770
414,886
414,517
414,745
414,29
414,393
414,750
414,518
414,210
414,895
414,777
414,187
414,329
414,135
414,911
414,591
380,321
423,292
384,768
430,671
432,400
432,190
432,818
432,413
432,717
432,230
432,911
432,899
432,767
432,655
432,776
432,138
432,892
432,478
432,258
432,432
432,708
432,714
432,224
432,331
432,63
432,910
432,488
432,820
432,210
432,184
432,473
432,264
432,496
432,520
432,444
432,526
432,826
432,508
432,686
436,52
436,871
436,477
436,336
436,909
436,113
436,438
436,872
436,228
436,289
436,603
438,157
439,525
439,210
439,71
439,382
454,142
454,505
454,185
454,885
454,139
454,688
454,866
454,760
454,84
454,273
454,623
454,669
454,188
454,557
454,615
454,472
454,462
454,19
454,391
454,118
454,455
454,512
454,883
454,604
454,706
454,496
454,192
454,279
454,812
454,724
454,859
454,14
454,10
454,526
454,674
394,321
394,40
443,171
443,415
443,831
443,620
443,899
443,836
443,81
443,896
443,324
443,751
443,793
443,43
443,7
443,400
443,774
443,776
443,910
443,258
443,640
443,653
443,769
443,138
443,582
443,402
443,205
443,284
443,146
443,753
443,648
443,474
443,251
443,756
444,16
444,924
444,723
444,879
444,828
444,287
444,482
444,630
444,490
444,42
444,329
444,379
444,665
444,667
444,655
444,467
444,596
444,485
444,651
444,677
444,116
444,595
444,923
444,274
444,221
444,356
444,833
444,337
444,388
444,785
444,250
444,787
444,40
444,248
444,57
444,394
444,444
444,914
444,45
396,825
396,165
433,784
433,622
433,705
433,542
433,537
433,137
433,929
433,120
433,125
433,329
433,32
433,474
433,54
433,463
433,256
433,516
433,34
433,865
433,182
433,877
433,650
433,873
433,461
433,583
433,331
433,104
433,841
433,12
433,875
433,358
433,114
433,296
433,344
433,458
433,659
460,149
460,372
449,670
448,700
399,405
399,842
410,422
453,619
453,365
457,917
457,448
457,774
457,533
457,796
468,856
406,856
406,409
406,318
406,786
406,835
461,696
461,287
461,721
461,687
461,45
461,423
461,107
463,928
463,613
463,472
465,787
458,348
458,225
481,764
481,652
481,135
481,889
481,363
481,582
481,809
481,926
481,699
462,914
462,261
462,785
462,771
462,932
482,600
482,714
482,218
482,115
470,268
471,914
471,864
487,174
487,32
487,125
487,846
487,811
487,114
487,765
487,540
487,849
487,3
487,461
487,817
487,31
487,534
487,497
487,136
487,824
487,4
487,923
87,210
418,261
418,925
418,505
418,446
418,644
418,65
418,407
418,54
418,540
418,80
418,239
418,757
418,596
476,207
476,148
476,872
476,568
476,887
476,416
476,261
476,340
476,9
476,424
476,689
476,104
476,119
476,867
476,392
476,663
476,377
476,74
476,206
476,546
476,725
476,773
476,186
476,629
476,509
476,411
476,499
476,789
476,497
476,631
476,326
476,513
476,80
476,827
476,916
476,161
476,668
476,766
476,489
476,215
476,599
476,298
476,466
476,779
476,858
476,791
476,199
476,373
476,701
476,223
476,228
476,18
476,495
478,237
478,24
478,288
478,70
478,854
478,183
478,483
478,82
479,581
479,163
483,259
495,602
495,515
495,875
495,253
488,144
488,633
488,821
488,184
488,138
488,218
488,122
488,521
488,210
488,611
488,507
488,775
488,194
488,645
488,488
488,598
488,141
488,930
437,500
437,678
437,618
437,609
437,375
437,625
437,902
437,620
437,227
437,815
437,301
437,99
437,320
437,457
437,248
437,635
437,36
437,574
437,853
437,718
437,653
437,687
437,852
437,868
437,367
437,611
437,474
437,322
437,696
437,383
504,784
504,99
504,133
504,494
504,59
504,899
504,92
504,402
504,163
504,454
504,900
504,776
504,463
504,702
504,892
504,696
504,625
504,819
504,201
504,88
504,806
504,63
504,820
504,634
504,711
504,762
504,241
504,330
504,589
504,159
504,863
504,673
504,624
504,913
504,285
504,686
504,581
493,335
170,231
170,61
497,643
497,812
497,84
497,452
497,118
497,404
497,310
497,139
497,496
510,302
510,828
510,461
510,234
510,156
510,734
510,586
510,691
510,120
510,34
510,492
510,809
510,359
510,160
510,517
510,908
510,857
510,132
510,105
510,170
510,773
510,591
510,770
510,383
510,255
510,429
510,609
510,266
510,699
510,329
510,183
510,408
510,296
510,244
510,245
510,833
510,859
510,248
510,436
510,157
510,342
510,703
510,928
510,25
510,911
510,684
510,518
510,616
510,210
510,75
510,221
510,743
510,125
510,484
510,895
510,57
510,397
510,771
510,901
510,735
510,553
510,149
510,339
510,511
500,716
500,412
500,374
505,55
507,668
507,71
507,334
507,421
507,764
507,135
527,192
508,226
508,627
508,854
508,371
508,778
501,652
513,213
513,896
513,860
513,482
513,827
513,251
513,7
513,519
513,203
513,434
513,171
513,127
513,333
513,793
513,490
513,536
513,261
513,899
513,473
513,820
513,65
513,785
513,78
513,526
513,788
513,123
513,804
513,337
513,419
513,905
513,287
513,436
513,628
513,474
513,269
513,248
513,313
513,454
513,562
513,541
513,867
513,761
513,477
513,901
513,850
513,184
513,159
513,655
513,130
513,602
513,68
513,43
513,470
513,713
513,488
513,763
513,653
513,367
513,485
513,446
513,278
513,757
513,806
513,501
513,79
513,930
513,611
513,375
513,685
513,780
513,426
513,524
513,679
513,160
513,297
513,352
513,527
513,764
513,150
513,272
513,681
513,676
513,224
513,71
513,393
513,644
513,210
513,608
513,733
513,300
513,661
513,106
513,893
513,214
513,77
513,573
513,554
513,92
513,440
513,124
513,54
513,402
513,444
513,394
513,923
513,708
513,311
513,445
513,5
513,326
513,535
513,252
513,906
513,415
513,245
513,826
513,542
513,872
513,469
513,152
513,687
513,794
513,443
513,281
513,844
516,431
521,475
521,579
521,332
521,17
521,387
524,922
536,777
536,314
536,583
536,240
536,845
536,100
536,745
536,827
536,791
536,180
536,334
536,707
536,206
536,813
536,280
536,298
536,513
536,127
536,293
536,102
536,709
536,74
536,877
536,119
536,483
536,27
536,82
536,24
536,536
536,491
536,419
536,228
536,492
536,836
536,711
536,385
536,575
536,802
536,331
536,628
536,436
536,568
536,186
536,140
536,454
536,442
536,503
536,66
536,60
536,515
536,477
536,551
536,62
536,850
536,631
536,144
536,900
536,145
536,758
536,348
536,720
536,237
536,72
536,354
536,148
536,572
536,485
536,654
536,701
536,489
536,323
536,381
536,417
536,357
536,612
536,605
536,663
536,242
536,226
536,524
536,789
536,297
536,689
536,352
536,728
536,676
536,581
536,126
536,260
536,89
536,34
536,843
536,566
536,773
536,879
536,338
536,875
536,893
536,9
536,254
536,770
536,641
536,725
536,198
536,364
536,925
536,389
536,187
536,146
536,110
536,922
536,440
536,629
536,625
536,220
536,741
536,359
536,207
536,88
536,373
536,384
536,411
536,495
536,782
536,326
536,70
536,36
536,585
536,889
536,552
536,265
536,245
536,257
536,262
536,826
536,498
536,67
536,839
536,715
536,108
536,693
536,597
536,439
536,469
536,755
536,281
536,443
536,451
536,567
536,377
536,380
536,698
473,869
473,264
473,474
473,7
473,5
473,768
473,542
530,763
531,928
519,410
519,409
519,632
519,365
519,763
519,26
519,619
519,786
519,876
519,238
519,87
519,288
6,386
6,539
6,3
6,21
6,420
6,604
6,308
6,227
484,794
526,162
535,406
535,459
535,555
535,344
535,81
535,733
535,73
535,56
535,309
535,925
535,590
537,289
492,690
14,264
14,169
20,697
20,183
20,434
20,556
20,742
20,234
20,502
20,96
20,398
20,683
496,309
496,668
496,887
496,541
496,50
11,899
29,801
29,69
29,41
29,917
29,621
29,309
29,825
29,530
29,751
29,33
29,278
29,113
29,178
29,587
29,83
29,525
29,203
29,522
29,613
29,136
29,780
29,188
29,649
29,347
29,653
29,485
29,3
29,19
29,432
29,6
29,428
29,55
29,906
29,71
29,269
29,118
29,834
29,817
29,493
29,496
29,141
29,333
29,884
29,912
29,259
29,577
29,143
29,659
541,902
1,122
1,449
1,824
1,607
13,181
16,309
16,282
16,340
16,814
16,304
16,779
10,26
19,619
107,971
107,939
107,934
107,945
107,954
107,968
229,956
49,957
49,937
46,957
46,940
46,944
215,938
215,966
245,941
414,939
414,941
414,954
414,958
558,949
549,958
536,934
536,960
536,939
536,946
536,968
536,948
536,950
536,959
1,940
90,945
90,935
315,961
315,943
315,935
315,947
432,957
350,961
343,950
546,946
546,972
50,933
282,936
542,963
300,956
243,952
243,955
354,972
59,942
425,947
425,972
26,941
26,954
109,970
545,970
545,964
66,935
66,954
383,974
198,974
547,965
548,939
488,970
141,938
141,966
123,939
123,934
123,943
413,944
413,966
413,973
413,961
413,943
413,965
413,938
413,956
413,936
413,947
413,949
151,965
437,971
33,954
186,952
186,954
337,936
337,945
337,958
337,951
556,939
347,973
347,937
347,974
557,965
559,971
513,936
513,944
513,959
513,937
187,945
187,946
187,954
187,935
187,968
187,956
187,947
187,950
324,933
324,962
31,940
444,941
287,971
287,941
287,972
287,943
287,951
287,961
287,939
287,967
287,958
287,948
223,934
284,953
21,959
21,960
21,973
21,937
21,967
21,965
21,964
21,948
21,942
510,969
510,963
508,947
361,951
554,974
550,935
551,950
552,962
101,944
101,967
101,574
101,957
101,935
101,955
101,940
544,935
544,972
29,937
16,938
495,945
73,968
553,956
543,951
555,947
376,966
376,944
337,977
101,975
378,975
457,978
144,976
26,977
26,978
307,975
307,978
571,856
33,977
510,975
510,978
354,979
513,978
237,978
42,979
437,978
47,975
569,978
48,979
127,979
49,978
483,493
483,795
483,837
570,630
572,865
572,938
572,918
572,592
572,966
172,856
134,975
292,976
332,975
253,975
216,856
476,986
476,982
482,984
482,980
510,988
513,67
245,983
287,990
287,26
9,984
18,981
26,986
26,982
33,157
46,980
48,984
49,989
337,990
337,989
337,988
340,980
340,157
343,986
343,985
65,989
354,984
77,983
77,988
94,990
378,157
101,987
413,983
415,981
418,985
170,981
174,986
174,987
174,983
186,982
187,990
187,987
187,983
315, 845
315, 216
315, 745
315, 684
315, 738
315, 591
315, 281
315, 248
315, 698
315, 770
315, 660
315, 483
315, 551
315, 228
315, 705
315, 482
315, 769
315, 907
315, 616
315, 595
315, 96
315, 597
315, 181
315, 956
315, 961
315, 945
53, 47
53, 904
455, 522
455, 448
455, 117
455, 107
455, 989
199, 639
199, 801
199, 204
199, 984
199, 195
237, 553
237, 827
237, 917
237, 282
237, 511
237, 540
237, 923
237, 514
237, 302
237, 908
237, 23
237, 439
237, 132
237, 609
237, 676
237, 436
237, 150
237, 265
237, 556
237, 905
237, 253
237, 326
237, 501
237, 433
237, 366
237, 278
237, 656
237, 290
237, 743
237, 644
237, 681
237, 925
237, 212
237, 65
237, 96
237, 202
237, 566
237, 106
237, 428
237, 573
237, 839
237, 215
237, 485
237, 914
237, 865
237, 73
237, 1
237, 898
237, 333
237, 105
237, 497
237, 627
237, 734
237, 102
237, 913
237, 434
237, 313
237, 893
237, 857
237, 613
237, 867
237, 466
237, 928
237, 245
237, 54
237, 492
237, 785
237, 378
237, 244
237, 337
237, 67
237, 515
237, 111
237, 261
237, 78
237, 250
237, 270
237, 255
237, 285
237, 915
237, 554
237, 789
237, 763
237, 184
237, 738
237, 608
237, 247
237, 384
237, 393
237, 518
237, 895
237, 411
237, 723
237, 958
237, 574
237, 936
237, 978
237, 977
147, 199
147, 641
147, 631
147, 280
147, 237
147, 654
147, 206
147, 223
147, 793
147, 813
147, 870
147, 663
147, 701
147, 153
147, 949
253, 286
253, 457
253, 220
253, 484
253, 890
253, 920
253, 176
253, 635
253, 156
253, 724
253, 85
253, 507
253, 467
253, 486
253, 695
253, 53
253, 468
253, 447
253, 100
253, 703
253, 379
387, 465
275, 299
275, 956
268, 428
268, 302
268, 148
268, 67
268, 734
268, 421
268, 711
268, 366
268, 516
268, 915
268, 182
268, 276
268, 492
268, 169
268, 270
268, 1
268, 767
268, 898
268, 857
268, 908
268, 627
268, 132
268, 105
268, 773
268, 589
268, 570
268, 255
268, 433
268, 609
268, 393
268, 566
268, 914
268, 378
268, 782
268, 499
268, 244
268, 23
268, 749
268, 469
268, 436
268, 530
268, 458
268, 268
268, 518
268, 642
268, 743
268, 482
268, 895
268, 384
268, 553
268, 735
268, 349
268, 651
268, 584
268, 865
268, 511
268, 958
268, 979
268, 977
172, 713
172, 249
172, 862
172, 934
123, 716
123, 412
123, 374
123, 135
123, 939
123, 943
233, 721
233, 423
233, 644
233, 337
233, 957
233, 482
233, 824
233, 406
233, 607
73, 110
73, 241
73, 4
73, 115
73, 358
73, 984
510, 685
307, 308
307, 286
307, 920
307, 975
448, 108
448, 588
448, 787
448, 54
448, 649
448, 131
448, 311
448, 485
448, 261
448, 197
448, 406
448, 730
448, 532
448, 925
448, 107
448, 278
448, 607
448, 413
448, 550
448, 423
448, 117
448, 721
448, 802
448, 360
448, 65
448, 463
448, 655
448, 82
448, 564
448, 328
448, 785
448, 573
448, 78
448, 892
448, 709
448, 184
448, 248
448, 554
448, 345
448, 722
448, 704
448, 99
448, 351
448, 272
448, 838
448, 77
448, 154
448, 313
448, 389
448, 373
448, 656
448, 228
448, 394
448, 24
448, 913
448, 936
448, 973
448, 574
286, 385
223, 718
223, 208
223, 401
223, 37
223, 354
223, 350
223, 732
223, 805
223, 786
223, 590
223, 189
223, 929
223, 441
223, 831
223, 889
223, 545
223, 359
223, 341
223, 816
223, 622
223, 16
223, 712
223, 596
223, 356
223, 790
223, 619
223, 612
223, 487
223, 330
223, 62
223, 432
223, 713
223, 121
223, 503
223, 181
223, 884
223, 295
223, 306
223, 200
223, 565
223, 690
223, 129
223, 268
223, 502
223, 317
223, 880
223, 109
223, 479
223, 344
223, 710
223, 262
223, 177
223, 442
223, 122
223, 124
223, 201
223, 56
223, 8
223, 944
223, 962
223, 941
223, 965
223, 955
223, 948
223, 952
223, 933
223, 409
255, 365
255, 786
255, 619
255, 409
77, 167
77, 552
77, 879
77, 162
77, 334
77, 377
77, 319
77, 417
77, 321
77, 650
77, 755
77, 908
77, 569
77, 345
77, 498
77, 23
77, 676
77, 217
77, 392
77, 926
77, 265
77, 154
77, 49
77, 642
77, 631
77, 874
77, 418
77, 32
77, 716
77, 548
77, 272
77, 875
77, 675
77, 412
77, 15
77, 682
77, 357
77, 707
77, 693
77, 786
77, 873
77, 421
77, 179
77, 469
77, 572
77, 151
77, 793
77, 720
77, 606
77, 453
77, 140
77, 215
77, 814
77, 881
77, 802
77, 858
77, 105
77, 744
77, 223
77, 766
77, 348
77, 88
77, 888
77, 728
77, 170
77, 104
77, 374
77, 617
77, 700
77, 722
77, 368
77, 451
77, 576
77, 283
77, 328
77, 776
77, 849
77, 339
77, 207
77, 42
77, 82
77, 855
77, 779
77, 900
77, 149
77, 318
77, 186
77, 4
77, 338
77, 781
77, 531
77, 886
77, 18
77, 517
77, 146
77, 570
77, 522
77, 90
77, 419
77, 523
77, 254
77, 340
77, 614
77, 103
77, 351
77, 135
77, 298
77, 795
77, 672
77, 960
77, 938
77, 974
77, 967
77, 966
77, 986
77, 990
77, 409
66, 588
66, 483
66, 787
66, 851
66, 954
360, 449
360, 447
330, 115
330, 940
288, 816
345, 495
456, 917
565, 972
564, 938
566, 949
87, 940
87, 2
163, 26
